mean_fit_time,std_fit_time,mean_score_time,std_score_time,param_classify,params,split0_test_accuracy,split1_test_accuracy,split2_test_accuracy,split3_test_accuracy,split4_test_accuracy,mean_test_accuracy,std_test_accuracy,rank_test_accuracy,split0_test_precision,split1_test_precision,split2_test_precision,split3_test_precision,split4_test_precision,mean_test_precision,std_test_precision,rank_test_precision,split0_test_recall,split1_test_recall,split2_test_recall,split3_test_recall,split4_test_recall,mean_test_recall,std_test_recall,rank_test_recall,split0_test_f1_macro,split1_test_f1_macro,split2_test_f1_macro,split3_test_f1_macro,split4_test_f1_macro,mean_test_f1_macro,std_test_f1_macro,rank_test_f1_macro,ratio incels
17.199218225479125,0.2577492487860271,3.980138826370239,0.33197642297234004,LinearSVC(),{'classify': LinearSVC()},0.842,0.854625,0.797625,0.84425,0.86525,0.8407499999999999,0.023092612455068804,1,0.8534883720930233,0.8812147272238645,0.834316203313676,0.8447671507260891,0.845226843100189,0.8518026592913683,0.015914944233188504,2,0.82575,0.81975,0.74275,0.8435,0.89425,0.8252,0.04884833671682178,1,0.8419582671049074,0.8544479700693464,0.7970137544965676,0.8442499123905757,0.8651365798636654,0.8405612967850125,0.023275438057428356,1,train_dataset_50p
15.789517164230347,0.4882595519103036,3.846605062484741,0.3534834772052554,LogisticRegression(),{'classify': LogisticRegression()},0.839375,0.85075,0.79875,0.84175,0.8635,0.8388250000000002,0.021752815909670202,2,0.8506845776285198,0.876947877485223,0.834733893557423,0.8412381427858213,0.8432483474976393,0.8493705677909252,0.014697515315381248,3,0.82325,0.816,0.745,0.8425,0.893,0.82395,0.04776777156200612,2,0.8393332241278548,0.8505695533963231,0.7981668915350755,0.841749910984325,0.8633811074087224,0.8386401374904603,0.021921045845426975,2,train_dataset_50p
15.402308130264283,0.47547819074428327,3.8399383544921877,0.35923461030269854,GaussianNB(),{'classify': GaussianNB()},0.8315,0.8085,0.733375,0.8275,0.8565,0.8114750000000001,0.04193688710431428,3,0.8779931584948689,0.8907536415452818,0.836881992060628,0.8640911617565314,0.8590130916414904,0.8657466090997602,0.018202068695074184,1,0.77,0.70325,0.57975,0.77725,0.853,0.73665,0.09168541323460346,3,0.8308602712609768,0.806354884126087,0.7269303820819091,0.8270633240847718,0.8564982421034657,0.8095414207314422,0.04427457798936114,3,train_dataset_50p
