mean_fit_time,std_fit_time,mean_score_time,std_score_time,param_classify,params,split0_test_accuracy,split1_test_accuracy,split2_test_accuracy,split3_test_accuracy,split4_test_accuracy,mean_test_accuracy,std_test_accuracy,rank_test_accuracy,split0_test_precision,split1_test_precision,split2_test_precision,split3_test_precision,split4_test_precision,mean_test_precision,std_test_precision,rank_test_precision,split0_test_recall,split1_test_recall,split2_test_recall,split3_test_recall,split4_test_recall,mean_test_recall,std_test_recall,rank_test_recall,split0_test_f1_macro,split1_test_f1_macro,split2_test_f1_macro,split3_test_f1_macro,split4_test_f1_macro,mean_test_f1_macro,std_test_f1_macro,rank_test_f1_macro,ratio incels
21.971744966506957,4.565155054222084,5.587086820602417,2.1012475262481956,LogisticRegression(),{'classify': LogisticRegression()},0.841375,0.85475,0.806,0.844875,0.86625,0.8426500000000001,0.020264100029362245,1,0.8714496107721439,0.8844040574809806,0.8644524236983842,0.8647263783562206,0.8567329762815609,0.8683530893178582,0.009280272363901368,2,0.8629166666666667,0.871875,0.8025,0.8789583333333333,0.933125,0.8698750000000001,0.04165303943825041,2,0.83516320523199,0.8492205793926315,0.8010972460170749,0.83772729028324,0.8570646529970603,0.8360545947843994,0.01918527776817398,1,train_dataset_60p
21.763672351837158,4.522830257940281,5.482381010055542,1.3181773316059167,LinearSVC(),{'classify': LinearSVC()},0.84,0.855625,0.806625,0.844125,0.86625,0.842525,0.02016051214627245,2,0.8691275167785235,0.8842504743833017,0.8649315683194975,0.8638132295719845,0.85727969348659,0.8678804965079795,0.009023825105590742,3,0.8633333333333333,0.87375,0.803125,0.87875,0.9322916666666666,0.8702500000000001,0.04120018035289544,1,0.8336078803307876,0.8500466194349221,0.8017300590319272,0.8369068834597504,0.8571419034840019,0.8358866691482778,0.019106003816304545,2,train_dataset_60p
16.732710599899292,0.6114883084525531,4.24692850112915,0.5664655152984175,GaussianNB(),{'classify': GaussianNB()},0.82025,0.79125,0.70925,0.81425,0.85625,0.79825,0.049140614566771525,3,0.9173286991062563,0.9280634573304157,0.8887492143306097,0.9057296767874633,0.8948507139766335,0.9069443523062757,0.014371122615165722,1,0.7697916666666667,0.706875,0.5891666666666666,0.770625,0.8616666666666667,0.739625,0.08997273892685498,3,0.8183036229853246,0.7905695605020713,0.7092485280706733,0.8119539102324154,0.851560029866122,0.7963271303313213,0.04773608331750083,3,train_dataset_60p
