mean_fit_time,std_fit_time,mean_score_time,std_score_time,param_classify,params,split0_test_accuracy,split1_test_accuracy,split2_test_accuracy,split3_test_accuracy,split4_test_accuracy,mean_test_accuracy,std_test_accuracy,rank_test_accuracy,split0_test_precision,split1_test_precision,split2_test_precision,split3_test_precision,split4_test_precision,mean_test_precision,std_test_precision,rank_test_precision,split0_test_recall,split1_test_recall,split2_test_recall,split3_test_recall,split4_test_recall,mean_test_recall,std_test_recall,rank_test_recall,split0_test_f1_macro,split1_test_f1_macro,split2_test_f1_macro,split3_test_f1_macro,split4_test_f1_macro,mean_test_f1_macro,std_test_f1_macro,rank_test_f1_macro,ratio incels
23.33383207321167,6.120543995105013,5.104658126831055,1.5174435239605903,LinearSVC(),{'classify': LinearSVC()},0.866625,0.86875,0.82725,0.87525,0.8915,0.865875,0.0211907998905185,1,0.8151300236406619,0.848297213622291,0.7733619763694952,0.8322274881516588,0.8221194280908326,0.8182272259749878,0.02505132339776878,1,0.7183333333333334,0.685,0.6,0.7316666666666667,0.8145833333333333,0.7099166666666668,0.06957230451519883,2,0.8353864229475492,0.8339584796574231,0.7790009130204683,0.8459279157234962,0.8704929823384804,0.8329533427374833,0.02998452580064595,1,train_dataset_30p
27.86275444030762,0.4089491574809645,6.840192270278931,0.4134060608234875,LogisticRegression(),{'classify': LogisticRegression()},0.861375,0.867125,0.8265,0.874875,0.890375,0.86405,0.021150886506243655,2,0.8066508313539192,0.8458354888773927,0.7700106723585912,0.8313595452392231,0.8182198077726703,0.8144152691203592,0.025771565433763008,2,0.7075,0.68125,0.60125,0.73125,0.8158333333333333,0.7074166666666666,0.06968251414650434,3,0.8286761748943589,0.8317808769474148,0.7784381180297498,0.8454855828767925,0.8693850828046634,0.8307531671105959,0.02983857714103659,2,train_dataset_30p
14.768482637405395,0.3394077976387737,3.706035041809082,0.20483356520468474,GaussianNB(),{'classify': GaussianNB()},0.854125,0.85,0.799875,0.854,0.860875,0.8437749999999999,0.022226307610577145,3,0.7604562737642585,0.7862595419847328,0.7077483099323973,0.7504065040650406,0.7322266329844821,0.7474194525461823,0.026427466977978206,3,0.75,0.6866666666666666,0.5670833333333334,0.7691666666666667,0.8454166666666667,0.7236666666666667,0.09324601570278723,1,0.8256508107321339,0.8143922707992022,0.7462740991319059,0.827411692562301,0.8409907973423962,0.8109439341135879,0.033419670436868,3,train_dataset_30p
