mean_fit_time,std_fit_time,mean_score_time,std_score_time,param_classify,params,split0_test_accuracy,split1_test_accuracy,split2_test_accuracy,split3_test_accuracy,split4_test_accuracy,mean_test_accuracy,std_test_accuracy,rank_test_accuracy,split0_test_precision,split1_test_precision,split2_test_precision,split3_test_precision,split4_test_precision,mean_test_precision,std_test_precision,rank_test_precision,split0_test_recall,split1_test_recall,split2_test_recall,split3_test_recall,split4_test_recall,mean_test_recall,std_test_recall,rank_test_recall,split0_test_f1_macro,split1_test_f1_macro,split2_test_f1_macro,split3_test_f1_macro,split4_test_f1_macro,mean_test_f1_macro,std_test_f1_macro,rank_test_f1_macro,ratio incels
16.874531698226928,0.35844763945385516,3.8701940536499024,0.28689401471948606,LinearSVC(),{'classify': LinearSVC()},0.849375,0.855875,0.8185,0.849875,0.872,0.8491249999999999,0.017362855467923474,1,0.8405599180607716,0.8562478245736165,0.8220338983050848,0.8319495184324145,0.8294972743791641,0.8360576867502102,0.011700379924268173,1,0.769375,0.76875,0.6971875,0.7828125,0.8559375,0.7748125,0.0504722231777044,1,0.8406594688052811,0.8469976887594275,0.8052594826863007,0.8419723300589468,0.8673489129703292,0.8404475766560571,0.02003575600024732,1,train_dataset_40p
15.237561082839965,0.4052329050965024,3.6924901962280274,0.2870774418568445,LogisticRegression(),{'classify': LogisticRegression()},0.846125,0.854875,0.817875,0.848,0.871375,0.84765,0.01734401914205586,2,0.8372730387118876,0.8541160125043418,0.8191138777004761,0.8276089828269485,0.8266626542281071,0.8329549131943523,0.01205142389866518,2,0.76375,0.7684375,0.6990625,0.783125,0.8584375,0.7745625,0.050917595804397496,2,0.8371204025071086,0.8459950735336217,0.8048200178840189,0.8401577810955554,0.866835917051394,0.8389858384143398,0.01998455829048825,2,train_dataset_40p
14.916294860839844,0.35777534736139366,3.7671283721923827,0.25987170099096574,GaussianNB(),{'classify': GaussianNB()},0.84,0.82575,0.777375,0.837375,0.85125,0.82635,0.02579454884273029,3,0.8308063404548587,0.838963963963964,0.7947652679684254,0.8159733777038269,0.7998210023866349,0.816065990495542,0.017083466286726592,3,0.7534375,0.6984375,0.5978125,0.76625,0.8378125,0.73075,0.0799422643224471,3,0.8304568281161389,0.8123743554238079,0.7554979959947867,0.8287537549581078,0.8462117429094567,0.8146589354804595,0.03146125576435248,3,train_dataset_40p
