mean_fit_time,std_fit_time,mean_score_time,std_score_time,param_classify,params,split0_test_accuracy,split1_test_accuracy,split2_test_accuracy,split3_test_accuracy,split4_test_accuracy,mean_test_accuracy,std_test_accuracy,rank_test_accuracy,split0_test_precision,split1_test_precision,split2_test_precision,split3_test_precision,split4_test_precision,mean_test_precision,std_test_precision,rank_test_precision,split0_test_recall,split1_test_recall,split2_test_recall,split3_test_recall,split4_test_recall,mean_test_recall,std_test_recall,rank_test_recall,split0_test_f1_macro,split1_test_f1_macro,split2_test_f1_macro,split3_test_f1_macro,split4_test_f1_macro,mean_test_f1_macro,std_test_f1_macro,rank_test_f1_macro,ratio incels
18.953291511535646,0.8495340376380071,4.490631866455078,0.5567319858039143,LinearSVC(),{'classify': LinearSVC()},0.883625,0.89575,0.869625,0.88425,0.891125,0.8848749999999999,0.008852612608716151,1,0.9112648518574221,0.9230769230769231,0.9159807423512968,0.908263723150358,0.900710247862009,0.9118592976596018,0.0074887149712416015,2,0.94671875,0.94875,0.9215625,0.95140625,0.9709375,0.947875,0.015740386450942067,1,0.8065836304153889,0.8298806135190449,0.7944021348864415,0.8047915865595423,0.806016597885798,0.8083349126532431,0.011656210831497251,1,train_dataset_80p
17.454706716537476,0.6088445708576581,4.311275386810303,0.5984558986986707,LogisticRegression(),{'classify': LogisticRegression()},0.8835,0.892,0.872125,0.88275,0.8895,0.8839750000000001,0.006885855066729169,2,0.9128662035638779,0.9196482716798059,0.9181832322289625,0.9085876720526631,0.8999419953596288,0.9118454749769876,0.007133004936395046,3,0.94453125,0.9478125,0.92234375,0.94890625,0.9696875,0.9466562499999999,0.015049592498635968,2,0.807733546751847,0.8229507471109618,0.7988238125055631,0.8033179300658948,0.8032953809127095,0.8072242834693952,0.008352781481488998,2,train_dataset_80p
17.04284796714783,0.6159817123946584,4.284051895141602,0.6155164440789049,GaussianNB(),{'classify': GaussianNB()},0.8085,0.76075,0.65925,0.799375,0.85775,0.7771250000000001,0.06654697588921678,3,0.9636190476190476,0.9670970428987922,0.9569651741293532,0.956927768248523,0.957088255733148,0.9603394577257728,0.004243027139054661,1,0.79046875,0.725625,0.60109375,0.78453125,0.86078125,0.7525000000000001,0.08699261373099446,3,0.7581569730156381,0.7151107194503691,0.6249286249905407,0.746742520043288,0.8051689466008829,0.7300215568201438,0.05997529464383019,3,train_dataset_80p
