mean_fit_time,std_fit_time,mean_score_time,std_score_time,param_classify,params,split0_test_accuracy,split1_test_accuracy,split2_test_accuracy,split3_test_accuracy,split4_test_accuracy,mean_test_accuracy,std_test_accuracy,rank_test_accuracy,split0_test_precision,split1_test_precision,split2_test_precision,split3_test_precision,split4_test_precision,mean_test_precision,std_test_precision,rank_test_precision,split0_test_recall,split1_test_recall,split2_test_recall,split3_test_recall,split4_test_recall,mean_test_recall,std_test_recall,rank_test_recall,split0_test_f1_macro,split1_test_f1_macro,split2_test_f1_macro,split3_test_f1_macro,split4_test_f1_macro,mean_test_f1_macro,std_test_f1_macro,rank_test_f1_macro,ratio incels
28.769157361984252,0.9309908606805785,6.8713479995727536,0.3200320612506335,LinearSVC(),{'classify': LinearSVC()},0.892125,0.894,0.867,0.902,0.90675,0.892375,0.013754090300706909,1,0.7969379532634971,0.8112582781456954,0.7423146473779385,0.8109756097560976,0.7940771349862259,0.7911127247058909,0.025394294212980492,1,0.618125,0.6125,0.513125,0.665,0.720625,0.6258750000000001,0.0684979470495284,2,0.8153256147250967,0.8168621576747714,0.7633817989232315,0.8354335151401167,0.8489775211340371,0.8159961215194507,0.029103441485653764,1,train_dataset_20p
27.142039680480956,0.3211429539587944,6.824743175506592,0.4548755271643716,LogisticRegression(),{'classify': LogisticRegression()},0.892125,0.89425,0.86675,0.900375,0.903625,0.8914250000000001,0.01300975595466725,2,0.7964601769911505,0.8131229235880398,0.7367021276595744,0.8048595292331056,0.7829351535836178,0.7868159822110977,0.026970704460758794,2,0.61875,0.611875,0.519375,0.6625,0.716875,0.625875,0.06513279703805142,3,0.8154274772077397,0.8170889116530795,0.7644590335484578,0.8329276667198332,0.844422261892976,0.8148650702044172,0.027371208512526533,2,train_dataset_20p
27.834569644927978,0.6445591968731066,7.058128738403321,0.7422656775177108,GaussianNB(),{'classify': GaussianNB()},0.872125,0.870625,0.831625,0.869,0.861,0.8608749999999998,0.015120970537634174,3,0.6567083107007061,0.677561282212445,0.5829508196721311,0.6445026178010471,0.6121323529411765,0.6347710766655013,0.03348073376574384,3,0.755625,0.67375,0.555625,0.769375,0.8325,0.717375,0.09538032422884712,1,0.8106235864019127,0.7974238528373345,0.7321693203883495,0.8087586878619705,0.8072699440944183,0.7912490783167971,0.02989037225426488,3,train_dataset_20p
