mean_fit_time,std_fit_time,mean_score_time,std_score_time,param_classify,params,split0_test_accuracy,split1_test_accuracy,split2_test_accuracy,split3_test_accuracy,split4_test_accuracy,mean_test_accuracy,std_test_accuracy,rank_test_accuracy,split0_test_precision,split1_test_precision,split2_test_precision,split3_test_precision,split4_test_precision,mean_test_precision,std_test_precision,rank_test_precision,split0_test_recall,split1_test_recall,split2_test_recall,split3_test_recall,split4_test_recall,mean_test_recall,std_test_recall,rank_test_recall,split0_test_f1_macro,split1_test_f1_macro,split2_test_f1_macro,split3_test_f1_macro,split4_test_f1_macro,mean_test_f1_macro,std_test_f1_macro,rank_test_f1_macro,ratio incels
26.13513264656067,0.6973553470950337,6.292754173278809,0.25686570856781243,LogisticRegression(),{'classify': LogisticRegression()},0.92825,0.930625,0.920375,0.937,0.93975,0.9312000000000001,0.006825778343896012,2,0.7132075471698113,0.7790432801822323,0.6799116997792495,0.7846153846153846,0.7539936102236422,0.7421543043940639,0.04003989414027898,2,0.4725,0.4275,0.385,0.51,0.59,0.477,0.07041661735698469,2,0.7646467908011337,0.7572295163634688,0.7242124427920763,0.7919246965568492,0.8144594949102428,0.7704945882847541,0.030803760858159394,1,train_dataset_10p
26.92316551208496,0.4977285856008578,6.385364055633545,0.20008877852802567,LinearSVC(),{'classify': LinearSVC()},0.92875,0.9305,0.921125,0.9385,0.940875,0.93195,0.0071004401272034,1,0.724609375,0.7904761904761904,0.6951501154734411,0.808,0.7766497461928934,0.758977085428505,0.0423385978136371,1,0.46375,0.415,0.37625,0.505,0.57375,0.46674999999999994,0.06897735135535432,3,0.7633707954726606,0.7533219459171676,0.7227548262381801,0.7940345368916797,0.813789781950492,0.769454377294036,0.031773969631201465,2,train_dataset_10p
26.396536111831665,0.6856635815905614,6.579651832580566,0.27224563768853427,GaussianNB(),{'classify': GaussianNB()},0.884,0.89625,0.87175,0.8815,0.87275,0.88125,0.008889600665946686,3,0.4510703363914373,0.4859550561797753,0.4,0.4432515337423313,0.4310126582278481,0.4422579169082784,0.027929458914520422,3,0.7375,0.64875,0.565,0.7225,0.85125,0.705,0.0954102981863069,1,0.7464856297236857,0.7484712811781968,0.6977363368207077,0.7406042934914663,0.748762941299868,0.7364120965027848,0.019559306104090787,3,train_dataset_10p
