Trait_incel,Coefficient_incel,Trait_neutre,Coefficient_neutre
incel,6.3286315039740115,team,3.3054842900302606
chad,6.203999191569754,kink,3.133979328051425
ugly,5.4765387469861935,host,2.8793679228342532
incels,5.469101764136024,advance,2.7611604116870843
woman,5.284141150739416,player,2.6938669953409806
relationship,4.7065517423371,appreciated,2.574266469354287
loneliness,4.603124225006381,item,2.44578509992494
normies,4.582895472199164,server,2.4423342287246133
social,4.3231152357919616,season,2.3616022111549944
attractive,4.29135269474346,trade,2.305370922631403
virgin,4.258880739595903,character,2.2859180584953833
normie,4.098510413373027,horny,2.270934168503058
hobby,4.018717062401777,running,2.2257120128711096
life,3.9900207697190795,system,2.211592308593399
cope,3.9541874804406727,code,2.184313083572936
dating,3.9380615434649977,link,2.1414619532094292
personality,3.8445717570417757,suggestion,2.117245811937269
lonely,3.8251498431168764,key,2.1012230559237
forever,3.4334546342537933,episode,2.099129856201207
gaming,3.4016407194870784,stock,2.085255896986834
