Trait_incel,Coefficient_incel,Trait_neutre,Coefficient_neutre
incel,6.598172039755994,team,3.5702260028997497
chad,6.5319377239374905,kink,3.085390057103784
woman,5.7303326817663836,player,2.83603213951539
ugly,5.701094830689581,host,2.740310647736038
incels,5.530230140101478,character,2.5176019023570877
normies,4.689418113462466,use,2.4959846382055657
alone,4.670279854802621,appreciated,2.4723997111017395
virgin,4.56969581657768,trade,2.453625126676295
loneliness,4.555347950533803,season,2.4162241954154595
relationship,4.418096444158916,item,2.4016384492364002
attractive,4.37754553078547,using,2.3349075602265956
normie,4.299515532320207,system,2.2578486392453856
social,4.235441169260816,issue,2.246970629740439
life,4.205293217101927,server,2.2433368423288744
cope,4.072341456601253,advance,2.2372026550013997
personality,4.020539287518429,running,2.2040394128858125
dating,3.9777404690459206,horny,2.182246336554254
girl,3.9138796269060174,version,2.1593788518727774
hobby,3.876244995945299,suggestion,2.1390140297994042
lonely,3.759348688350263,killed,2.134466422545126
