nb_posts_total,nb_posts_incels,nb_posts_neutral,% Incels,Algorithme,Modèle de vectorisation,N traits discr.,accuracy,precision,recall,f1-score
40000,12000,28000,30,Random Forest,Distributed Representations (Word2Vec),100,0.745675,0.7053433701815783,0.6284583333333333,0.6385382504971159
40000,12000,28000,30,Random Forest,Distributed Representations (Word2Vec),250,0.7428,0.7000381752242795,0.6247619047619047,0.6341263914079448
40000,12000,28000,30,Random Forest,Distributed Representations (Word2Vec),750,0.7409,0.6965890685713741,0.6221904761904762,0.6310515226331718
40000,12000,28000,30,Random Forest,Distributed Representations (Word2Vec),500,0.739775,0.6950215859558609,0.6198154761904762,0.628190387964086
40000,12000,28000,30,Random Forest,Distributed Representations (Word2Vec),2500,0.73835,0.6915687738964428,0.6194166666666666,0.6277384256421341
40000,12000,28000,30,Random Forest,Distributed Representations (Word2Vec),5000,0.737475,0.6894735098833684,0.6192440476190476,0.6275460695182069
40000,12000,28000,30,Random Forest,Distributed Representations (Word2Vec),1000,0.737525,0.6903745717192002,0.6176845238095238,0.6256488182950575
40000,12000,28000,30,Random Forest,Distributed Representations (Word2Vec),10000,0.73545,0.6854733022699299,0.6172261904761904,0.6251494854578032
40000,12000,28000,30,Random Forest,Distributed Representations (Word2Vec),15000,0.732075,0.6797375167626382,0.6115535714285714,0.618321912578746
