nb_posts_total,nb_posts_incels,nb_posts_neutral,% Incels,Algorithme,N traits discr.,accuracy,precision,recall,f1-score
40000,28000,12000,70,Random Forest,15000,0.7224,0.6713975809917525,0.5765714285714286,0.5701035914066309
40000,28000,12000,70,Random Forest,10000,0.7209,0.6691078984124247,0.5725714285714286,0.5640288515583884
40000,28000,12000,70,Random Forest,5000,0.72105,0.669964739950446,0.5722261904761905,0.5633622482772893
40000,28000,12000,70,Random Forest,2500,0.7187,0.6673137001163353,0.5647619047619048,0.5513445259955116
40000,28000,12000,70,Random Forest,1000,0.718,0.6704555670846656,0.5590238095238096,0.5409385898778692
40000,28000,12000,70,Random Forest,750,0.715925,0.6656278878336578,0.5545654761904761,0.5336103455158154
40000,28000,12000,70,Random Forest,500,0.7124,0.6578982218622822,0.5457619047619048,0.5181788554600061
40000,28000,12000,70,Random Forest,250,0.710425,0.6546180790713594,0.5394940476190476,0.5061735632268134
40000,28000,12000,70,Random Forest,100,0.70775,0.6474054106257275,0.5321071428571429,0.4917048293506798
