Phase,Précision,Rappel,Mesure F,Exactitude
Apprentissage,0.7813799672821643,0.74715,0.755116263587839,0.77686
Test,0.6724878706017628,0.7471666666666666,0.698850951849989,0.8673
