nb_posts_total,nb_posts_incels,nb_posts_neutral,% Incels,Algorithme,Modèle de vectorisation,N traits discr.,accuracy,precision,recall,f1-score
40000,32000,7999,80,Random Forest,Distributed Representations (Doc2Vec),15000,0.799325,0.6542777983653458,0.5455625000000001,0.5408813230283411
40000,32000,7999,80,Random Forest,Distributed Representations (Doc2Vec),5000,0.800075,0.6580166537527683,0.545375,0.5403066872648781
40000,32000,7999,80,Random Forest,Distributed Representations (Doc2Vec),750,0.801975,0.6685960131744062,0.544828125,0.5386801890349507
40000,32000,7999,80,Random Forest,Distributed Representations (Doc2Vec),10000,0.7999,0.6568748310065605,0.5440937499999999,0.5381868898804908
40000,32000,7999,80,Random Forest,Distributed Representations (Doc2Vec),2500,0.80055,0.6603262268201938,0.543609375,0.5371107878042514
40000,32000,7999,80,Random Forest,Distributed Representations (Doc2Vec),1000,0.80145,0.6655227332265586,0.54346875,0.5365187265605157
40000,32000,7999,80,Random Forest,Distributed Representations (Doc2Vec),250,0.802475,0.6720448235495508,0.5427968750000001,0.5349241576952101
40000,32000,7999,80,Random Forest,Distributed Representations (Doc2Vec),500,0.80085,0.6619037204442176,0.541640625,0.5335530306756513
40000,32000,7999,80,Random Forest,Distributed Representations (Doc2Vec),100,0.801975,0.668980270152191,0.541453125,0.5327451716235435
