nb_posts_total,nb_posts_incels,nb_posts_neutral,% Incels,Algorithme,Modèle de vectorisation,N traits discr.,accuracy,precision,recall,f1-score
40000,32000,7999,80,Random Forest,TF-IDF,5000,0.8026,0.6711151567089396,0.559234375,0.562011415094135
40000,32000,7999,80,Random Forest,TF-IDF,10000,0.804125,0.6792504346880592,0.55475,0.5546120892356878
40000,32000,7999,80,Random Forest,TF-IDF,2500,0.798325,0.6519418217499382,0.5529531249999999,0.5531505208523809
40000,32000,7999,80,Random Forest,TF-IDF,15000,0.805475,0.6884831780548465,0.5515625,0.5489751062849857
40000,32000,7999,80,Random Forest,TF-IDF,1000,0.7954,0.6320961012660967,0.537390625,0.5283747342115879
40000,32000,7999,80,Random Forest,TF-IDF,750,0.795875,0.6337495207700294,0.536703125,0.5269646919363566
40000,32000,7999,80,Random Forest,TF-IDF,500,0.79405,0.6182654940603445,0.528859375,0.5136534904743032
40000,32000,7999,80,Random Forest,TF-IDF,250,0.792925,0.588291389368267,0.5147968749999999,0.48662436680979676
40000,32000,7999,80,Random Forest,TF-IDF,100,0.791325,0.5470908049852039,0.506015625,0.468972029141806
