nb_posts_total,nb_posts_incels,nb_posts_neutral,% Incels,Algorithme,Modèle de vectorisation,N traits discr.,accuracy,precision,recall,f1-score
20000,8000,12000,40,Logistic Regression,TF-IDF,15000,0.8685,0.6743267238701296,0.7487222222222223,0.7007611657443853
20000,8000,12000,40,Logistic Regression,TF-IDF,10000,0.8689,0.674252544475598,0.7467222222222223,0.7002400754599308
20000,8000,12000,40,Logistic Regression,TF-IDF,5000,0.86455,0.6679647655634143,0.7423055555555556,0.6939078354458692
20000,10000,10000,50,Logistic Regression,TF-IDF,15000,0.8056,0.631469913309536,0.764,0.6529598667365888
20000,10000,10000,50,Logistic Regression,TF-IDF,10000,0.80355,0.6300561387219629,0.7626388888888889,0.6509097370883415
20000,10000,10000,50,Logistic Regression,TF-IDF,5000,0.7973,0.6255839708812019,0.757611111111111,0.6444218408770722
20000,12000,8000,60,Logistic Regression,TF-IDF,15000,0.69935,0.5974473326015761,0.7505277777777778,0.5778700260125222
20000,12000,8000,60,Logistic Regression,TF-IDF,10000,0.6982,0.5967677122804445,0.749,0.5767332363746706
20000,12000,8000,60,Logistic Regression,TF-IDF,5000,0.69085,0.5923544168878379,0.7389166666666667,0.5694205121904918
