nb_posts_total,nb_posts_incels,nb_posts_neutral,% Incels,Algorithme,Modèle de vectorisation,N traits discr.,accuracy,precision,recall,f1-score
40000,36000,3999,90,Random Forest,Distributed Representations (Doc2Vec),10000,0.898025,0.6375647427235502,0.5117916666666666,0.4999621186673681
40000,36000,3999,90,Random Forest,Distributed Representations (Doc2Vec),5000,0.898475,0.648303325436312,0.5118194444444445,0.49976053391404474
40000,36000,3999,90,Random Forest,Distributed Representations (Doc2Vec),15000,0.8978,0.6309643760847493,0.5113333333333333,0.4991874721011098
40000,36000,3999,90,Random Forest,Distributed Representations (Doc2Vec),1000,0.898575,0.6484225368569475,0.5110972222222222,0.49826637707719934
40000,36000,3999,90,Random Forest,Distributed Representations (Doc2Vec),2500,0.89815,0.6362891527568971,0.51075,0.49782780944540034
40000,36000,3999,90,Random Forest,Distributed Representations (Doc2Vec),500,0.8983,0.6379683232187637,0.5102777777777778,0.49679481926268937
40000,36000,3999,90,Random Forest,Distributed Representations (Doc2Vec),750,0.898225,0.6354193108494552,0.5101249999999999,0.4965349817799553
40000,36000,3999,90,Random Forest,Distributed Representations (Doc2Vec),250,0.89895,0.6564314199539998,0.5101944444444445,0.49622402331896986
40000,36000,3999,90,Random Forest,Distributed Representations (Doc2Vec),100,0.89865,0.6441349136606507,0.5094722222222222,0.4949535154792076
