nb_posts_total,nb_posts_incels,nb_posts_neutral,% Incels,Algorithme,Modèle de vectorisation,N traits discr.,accuracy,precision,recall,f1-score
40000,12000,28000,30,Multinomial Naive Bayes,TF-IDF,10000,0.80585,0.8174571894951042,0.7013690476190476,0.7251973198069268
40000,12000,28000,30,Multinomial Naive Bayes,TF-IDF,15000,0.80485,0.8211424710753269,0.6972738095238096,0.7211586678229973
40000,12000,28000,30,Multinomial Naive Bayes,TF-IDF,5000,0.801975,0.8131442776221903,0.695125,0.7182278791403318
40000,12000,28000,30,Multinomial Naive Bayes,TF-IDF,2500,0.7925,0.8112535497012237,0.6754523809523809,0.6963071653828925
40000,12000,28000,30,Multinomial Naive Bayes,TF-IDF,1000,0.774075,0.801969675262779,0.6404107142857143,0.653232056859091
40000,12000,28000,30,Multinomial Naive Bayes,TF-IDF,750,0.769225,0.8021841922244588,0.6303988095238096,0.6399369412215458
40000,12000,28000,30,Multinomial Naive Bayes,TF-IDF,500,0.7606,0.7951319642499626,0.6149285714285714,0.6186179304031967
40000,12000,28000,30,Multinomial Naive Bayes,TF-IDF,250,0.743825,0.780905356835834,0.5843988095238095,0.5731591150485426
40000,12000,28000,30,Multinomial Naive Bayes,TF-IDF,100,0.719125,0.7566410892003341,0.5381130952380953,0.49307545984967627
