nb_posts_total,nb_posts_incels,nb_posts_neutral,% Incels,Algorithme,Modèle de vectorisation,N traits discr.,accuracy,precision,recall,f1-score
40000,36000,3999,90,Multinomial Naive Bayes,TF-IDF,10000,0.90195,0.808546744831842,0.5155277777777778,0.5052210345550627
40000,36000,3999,90,Multinomial Naive Bayes,TF-IDF,15000,0.90155,0.792419252410982,0.51375,0.5018517692769165
40000,36000,3999,90,Multinomial Naive Bayes,TF-IDF,5000,0.901625,0.8034073018866346,0.5133472222222222,0.5009871181790174
40000,36000,3999,90,Multinomial Naive Bayes,TF-IDF,2500,0.901075,0.8139034153482942,0.508263888888889,0.49078434026724654
40000,36000,3999,90,Multinomial Naive Bayes,TF-IDF,1000,0.90005,0.7833758397092897,0.5004722222222222,0.47469379398018796
40000,36000,3999,90,Multinomial Naive Bayes,TF-IDF,100,0.9,0.45,0.5,0.47368421052631576
40000,36000,3999,90,Multinomial Naive Bayes,TF-IDF,250,0.9,0.45,0.5,0.47368421052631576
40000,36000,3999,90,Multinomial Naive Bayes,TF-IDF,500,0.9,0.45,0.5,0.47368421052631576
40000,36000,3999,90,Multinomial Naive Bayes,TF-IDF,750,0.9,0.45,0.5,0.47368421052631576
