nb_posts_total,nb_posts_incels,nb_posts_neutral,% Incels,Algorithme,N traits discr.,accuracy,precision,recall,f1-score
40000,4000,36000,10,Random Forest,2500,0.903,0.7770556881933268,0.5307777777777778,0.5338286380025106
40000,4000,36000,10,Random Forest,750,0.90365,0.8063894086139849,0.5296944444444445,0.5317418290285657
40000,4000,36000,10,Random Forest,1000,0.903375,0.8032862913467455,0.5279861111111112,0.5286697091250352
40000,4000,36000,10,Random Forest,500,0.90335,0.8022412070919533,0.5279722222222223,0.5286502611272677
40000,4000,36000,10,Random Forest,250,0.903275,0.8148333680792369,0.5252638888888889,0.5236209032155679
40000,4000,36000,10,Random Forest,10000,0.9025,0.7813364822604907,0.5245,0.5224277480940092
40000,4000,36000,10,Random Forest,15000,0.9015,0.7477633669258652,0.5223888888888889,0.5187909919237007
40000,4000,36000,10,Random Forest,5000,0.9021,0.7734383432514698,0.5221666666666667,0.518151696846149
40000,4000,36000,10,Random Forest,100,0.9023,0.803484599491552,0.5189444444444444,0.5118370216182375
