nb_posts_total,nb_posts_incels,nb_posts_neutral,% Incels,Algorithme,Modèle de vectorisation,N traits discr.,accuracy,precision,recall,f1-score
40000,20000,20000,50,Multinomial Naive Bayes,TF-IDF,15000,0.7464,0.7536090816094674,0.7464,0.7445848951112592
40000,20000,20000,50,Multinomial Naive Bayes,TF-IDF,10000,0.744375,0.7492143495322805,0.744375,0.7431279876841062
40000,20000,20000,50,Multinomial Naive Bayes,TF-IDF,5000,0.734025,0.7366013335848016,0.7340249999999999,0.7332989783110395
40000,20000,20000,50,Multinomial Naive Bayes,TF-IDF,2500,0.7143,0.7157901627054806,0.7142999999999999,0.7138059138141235
40000,20000,20000,50,Multinomial Naive Bayes,TF-IDF,1000,0.683825,0.6845965438681736,0.6838249999999999,0.6834942813942843
40000,20000,20000,50,Multinomial Naive Bayes,TF-IDF,750,0.67215,0.6729735269618655,0.67215,0.6717593115205374
40000,20000,20000,50,Multinomial Naive Bayes,TF-IDF,500,0.654975,0.6558179129715558,0.654975,0.654507756073381
40000,20000,20000,50,Multinomial Naive Bayes,TF-IDF,250,0.61865,0.6193856844339027,0.61865,0.6180616000236865
40000,20000,20000,50,Multinomial Naive Bayes,TF-IDF,100,0.56085,0.5618049162403219,0.56085,0.5591471518696225
