nb_posts_total,nb_posts_incels,nb_posts_neutral,% Incels,Algorithme,Modèle de vectorisation,N traits discr.,accuracy,precision,recall,f1-score
40000,28000,12000,70,Random Forest,TF-IDF,2500,0.73665,0.6879294064407425,0.6182261904761904,0.6263324070640827
40000,28000,12000,70,Random Forest,TF-IDF,5000,0.739825,0.696080761887485,0.618279761904762,0.6262960167118827
40000,28000,12000,70,Random Forest,TF-IDF,10000,0.7427,0.7051204365309338,0.6172857142857143,0.6248701319678227
40000,28000,12000,70,Random Forest,TF-IDF,15000,0.742125,0.7061489489585844,0.6140416666666667,0.6206839623251433
40000,28000,12000,70,Random Forest,TF-IDF,1000,0.727775,0.671171404852707,0.6075297619047619,0.6135757640603059
40000,28000,12000,70,Random Forest,TF-IDF,750,0.72175,0.6599637935608721,0.5990833333333334,0.6033818012413003
40000,28000,12000,70,Random Forest,TF-IDF,500,0.71695,0.6512376946124456,0.5884642857142857,0.5898993625640839
40000,28000,12000,70,Random Forest,TF-IDF,250,0.70835,0.6333993177206794,0.5672738095238095,0.5608102979978551
40000,28000,12000,70,Random Forest,TF-IDF,100,0.691825,0.5762519065489332,0.5237083333333333,0.489255132338788
