nb_posts_total,nb_posts_incels,nb_posts_neutral,% Incels,Algorithme,N traits discr.,accuracy,precision,recall,f1-score
40000,12000,28000,30,Random Forest,15000,0.745125,0.7182625029423052,0.6125654761904762,0.6182987293379044
40000,12000,28000,30,Random Forest,10000,0.746425,0.7243652532087638,0.6118273809523809,0.6170588698055458
40000,12000,28000,30,Random Forest,2500,0.74735,0.7304513865595285,0.6104166666666666,0.6148732256101301
40000,12000,28000,30,Random Forest,5000,0.743875,0.7208204728511158,0.6069583333333334,0.6105671773467409
40000,12000,28000,30,Random Forest,500,0.745625,0.7321559968602322,0.604827380952381,0.6069929951503293
40000,12000,28000,30,Random Forest,250,0.746075,0.7347367697294456,0.604625,0.6065676281336331
40000,12000,28000,30,Random Forest,100,0.745625,0.7346357008884161,0.6035178571428571,0.6049948492541504
40000,12000,28000,30,Random Forest,750,0.74525,0.733234191998118,0.6032738095238095,0.6047237260316483
40000,12000,28000,30,Random Forest,1000,0.7451,0.7330587820051677,0.6029761904761904,0.6043079055756648
