nb_posts_total,nb_posts_incels,nb_posts_neutral,% Incels,Algorithme,Modèle de vectorisation,N traits discr.,accuracy,precision,recall,f1-score
40000,20000,20000,50,Random Forest,Distributed Representations (Word2Vec),100,0.677275,0.6776550151809104,0.6772750000000001,0.6771023254232439
40000,20000,20000,50,Random Forest,Distributed Representations (Word2Vec),250,0.675925,0.6764442865631232,0.675925,0.6756863811875584
40000,20000,20000,50,Random Forest,Distributed Representations (Word2Vec),500,0.673325,0.6738366120139453,0.673325,0.6730844667883844
40000,20000,20000,50,Random Forest,Distributed Representations (Word2Vec),750,0.670275,0.670619737606383,0.670275,0.67010836328082
40000,20000,20000,50,Random Forest,Distributed Representations (Word2Vec),1000,0.6676,0.6680017274106015,0.6676,0.6674011715888788
40000,20000,20000,50,Random Forest,Distributed Representations (Word2Vec),2500,0.6667,0.6671262136263005,0.6667,0.6664873648505525
40000,20000,20000,50,Random Forest,Distributed Representations (Word2Vec),5000,0.6644,0.6648253549038792,0.6644,0.6641833445265548
40000,20000,20000,50,Random Forest,Distributed Representations (Word2Vec),10000,0.662,0.6624477466015706,0.662,0.6617669362795301
40000,20000,20000,50,Random Forest,Distributed Representations (Word2Vec),15000,0.6598,0.6601721182720544,0.6597999999999999,0.6596022936081505
