Phase,Précision,Rappel,Mesure F,Exactitude
Apprentissage,0.7878139711903277,0.7572583333333334,0.7651084147957623,0.78464
Test,0.6753170186405374,0.7566111111111111,0.7033224238831136,0.8675
