nb_posts_total,nb_posts_incels,nb_posts_neutral,% Incels,Algorithme,Modèle de vectorisation,N traits discr.,accuracy,precision,recall,f1-score
40000,32000,7999,80,Multinomial Naive Bayes,TF-IDF,10000,0.819675,0.8013625976714195,0.563484375,0.565125901394776
40000,32000,7999,80,Multinomial Naive Bayes,TF-IDF,5000,0.817375,0.7826303890113189,0.560359375,0.5603900355008516
40000,32000,7999,80,Multinomial Naive Bayes,TF-IDF,15000,0.816325,0.8014395313718554,0.552296875,0.5463733608321099
40000,32000,7999,80,Multinomial Naive Bayes,TF-IDF,2500,0.81125,0.7698857349604472,0.540875,0.5271112180737516
40000,32000,7999,80,Multinomial Naive Bayes,TF-IDF,1000,0.80415,0.7578699684275905,0.51571875,0.47865503994201825
40000,32000,7999,80,Multinomial Naive Bayes,TF-IDF,750,0.802425,0.7732185588125042,0.5084531250000001,0.4630169293765291
40000,32000,7999,80,Multinomial Naive Bayes,TF-IDF,500,0.80115,0.7552473848538025,0.504375,0.4542971271186165
40000,32000,7999,80,Multinomial Naive Bayes,TF-IDF,250,0.8004,0.7148491452073295,0.502078125,0.44934527988312434
40000,32000,7999,80,Multinomial Naive Bayes,TF-IDF,100,0.8,0.4,0.5,0.4444444444444444
