nb_posts_total,nb_posts_incels,nb_posts_neutral,% Incels,Algorithme,Modèle de vectorisation,N traits discr.,accuracy,precision,recall,f1-score
40000,36000,3999,90,Random Forest,TF-IDF,5000,0.89455,0.6375195610248257,0.5311944444444444,0.5356574510890039
40000,36000,3999,90,Random Forest,TF-IDF,10000,0.89545,0.6435106120853725,0.5300277777777778,0.533657318462228
40000,36000,3999,90,Random Forest,TF-IDF,15000,0.896525,0.6492200915006392,0.526625,0.5277669267710803
40000,36000,3999,90,Random Forest,TF-IDF,2500,0.893125,0.6115366987131545,0.5230694444444444,0.522442305787179
40000,36000,3999,90,Random Forest,TF-IDF,1000,0.895575,0.5882718510896274,0.5095416666666667,0.49696146267468955
40000,36000,3999,90,Random Forest,TF-IDF,750,0.8959,0.5740566489801964,0.5066111111111111,0.49098936265560583
40000,36000,3999,90,Random Forest,TF-IDF,500,0.896975,0.5799839711320007,0.5055416666666667,0.48808884064758695
40000,36000,3999,90,Random Forest,TF-IDF,250,0.89755,0.5671567471237257,0.5034166666666666,0.48325128907240655
40000,36000,3999,90,Random Forest,TF-IDF,100,0.895625,0.5123034271196242,0.5007916666666666,0.4792993605599716
