nb_posts_total,nb_posts_incels,nb_posts_neutral,% Incels,Algorithme,N traits discr.,accuracy,precision,recall,f1-score
40000,24000,16000,60,Random Forest,5000,0.675975,0.6611627240578356,0.644125,0.6466516040042356
40000,24000,16000,60,Random Forest,15000,0.673225,0.6578975918220898,0.6415625,0.6439762650162402
40000,24000,16000,60,Random Forest,2500,0.675525,0.6612358148902806,0.6414895833333334,0.6437913214648918
40000,24000,16000,60,Random Forest,10000,0.6711,0.6555633473585787,0.6386458333333334,0.6408996615351021
40000,24000,16000,60,Random Forest,1000,0.67335,0.6593771220916673,0.63709375,0.6389428055228343
40000,24000,16000,60,Random Forest,750,0.671775,0.6578040443546007,0.6345833333333333,0.6361582528002818
40000,24000,16000,60,Random Forest,500,0.666475,0.6520515946298882,0.62715625,0.6278868264600155
40000,24000,16000,60,Random Forest,250,0.66235,0.6477391296318527,0.6208333333333333,0.6205932254990512
40000,24000,16000,60,Random Forest,100,0.648275,0.6316371361359052,0.6009583333333333,0.5969745328790279
