nb_posts_total,nb_posts_incels,nb_posts_neutral,% Incels,Algorithme,Modèle de vectorisation,N traits discr.,accuracy,precision,recall,f1-score
40000,4000,36000,10,Random Forest,Distributed Representations (Doc2Vec),250,0.8985,0.6171940398459735,0.5058333333333334,0.48758012871078443
40000,4000,36000,10,Random Forest,Distributed Representations (Doc2Vec),100,0.898525,0.6162227602905569,0.505625,0.48712663693384745
40000,4000,36000,10,Random Forest,Distributed Representations (Doc2Vec),750,0.898275,0.6072528009612024,0.5054861111111111,0.4870239612853744
40000,4000,36000,10,Random Forest,Distributed Representations (Doc2Vec),500,0.898175,0.6007340824710208,0.5050972222222222,0.4862877276014252
40000,4000,36000,10,Random Forest,Distributed Representations (Doc2Vec),5000,0.8983,0.599226274161,0.5046111111111111,0.485173711602919
40000,4000,36000,10,Random Forest,Distributed Representations (Doc2Vec),10000,0.89785,0.584802935802017,0.5043611111111111,0.4849970476819252
40000,4000,36000,10,Random Forest,Distributed Representations (Doc2Vec),1000,0.8981,0.5899215463703226,0.5042777777777777,0.48462865775200686
40000,4000,36000,10,Random Forest,Distributed Representations (Doc2Vec),2500,0.89785,0.5822423344900617,0.5041388888888889,0.48453165405201076
40000,4000,36000,10,Random Forest,Distributed Representations (Doc2Vec),15000,0.8976,0.5753617363344051,0.504,0.4844347632749993
