nb_posts_total,nb_posts_incels,nb_posts_neutral,% Incels,Algorithme,N traits discr.,accuracy,precision,recall,f1-score
40000,8000,32000,20,Random Forest,10000,0.820275,0.7643739381641961,0.578671875,0.5893759670632575
40000,8000,32000,20,Random Forest,2500,0.8212,0.7737602999983116,0.57803125,0.58834622909375
40000,8000,32000,20,Random Forest,750,0.8223,0.7943906684645194,0.574453125,0.582682559134037
40000,8000,32000,20,Random Forest,1000,0.82165,0.7906618352650827,0.57334375,0.5810069425105757
40000,8000,32000,20,Random Forest,5000,0.8186,0.7632953757245542,0.572140625,0.5795169566596317
40000,8000,32000,20,Random Forest,500,0.8217,0.7964086645850269,0.571734375,0.5784191036770454
40000,8000,32000,20,Random Forest,15000,0.816925,0.7532420805606097,0.56978125,0.5760418174218876
40000,8000,32000,20,Random Forest,250,0.8203,0.791814301254534,0.5681875,0.5728819645642247
40000,8000,32000,20,Random Forest,100,0.81425,0.7757495592551907,0.55071875,0.5443270741515571
