nb_posts_total,nb_posts_incels,nb_posts_neutral,% Incels,Algorithme,N traits discr.,accuracy,precision,recall,f1-score
40000,20000,20000,50,Random Forest,15000,0.7328,0.733018188911369,0.7328,0.7327374365065118
40000,20000,20000,50,Random Forest,10000,0.73005,0.7303084636733574,0.7300500000000001,0.7299742408979619
40000,20000,20000,50,Multilayered Perceptron,5000,0.72545,0.7256048642029835,0.72545,0.7254028763876168
40000,20000,20000,50,Multilayered Perceptron,10000,0.7219,0.7224900993660437,0.7219,0.721715479970438
40000,20000,20000,50,Random Forest,5000,0.7199,0.7200522079116904,0.7199,0.7198515560306977
40000,20000,20000,50,Multilayered Perceptron,15000,0.71875,0.7187568602151364,0.71875,0.7187477949827127
40000,20000,20000,50,Multilayered Perceptron,2500,0.71725,0.7185087876087444,0.7172499999999999,0.7168421954219522
40000,20000,20000,50,Random Forest,2500,0.711025,0.7112044651861691,0.711025,0.7109635998168613
40000,20000,20000,50,Random Forest,1000,0.699825,0.700562754548995,0.6998249999999999,0.6995487032975138
40000,20000,20000,50,Multilayered Perceptron,1000,0.6991,0.7005421063081461,0.6991,0.6985580797734936
40000,20000,20000,50,Random Forest,750,0.693325,0.694455576877439,0.693325,0.692878594237953
40000,20000,20000,50,Multilayered Perceptron,750,0.688525,0.6904427821454455,0.688525,0.6877388730499061
40000,20000,20000,50,Random Forest,500,0.683175,0.6853105226323013,0.683175,0.6822595880859859
40000,20000,20000,50,Multilayered Perceptron,500,0.669725,0.6716481844503022,0.669725,0.6687972827658761
40000,20000,20000,50,Random Forest,250,0.6602,0.6644250816975579,0.6601999999999999,0.6580030036001953
40000,20000,20000,50,Multilayered Perceptron,250,0.637475,0.641708852753037,0.637475,0.6347468215106902
40000,20000,20000,50,Random Forest,100,0.617625,0.6235648309279227,0.617625,0.612973858924069
40000,20000,20000,50,Multilayered Perceptron,100,0.59825,0.6044751308196117,0.5982500000000001,0.5921749555533513
