nb_posts_total,nb_posts_incels,nb_posts_neutral,% Incels,Algorithme,Modèle de vectorisation,N traits discr.,accuracy,precision,recall,f1-score
40000,4000,36000,10,Multinomial Naive Bayes,TF-IDF,2500,0.9065,0.8702768661112514,0.5397222222222222,0.5492997123772964
40000,4000,36000,10,Multinomial Naive Bayes,TF-IDF,5000,0.906275,0.8734997356029426,0.5379305555555556,0.5461696413583196
40000,4000,36000,10,Multinomial Naive Bayes,TF-IDF,1000,0.90435,0.8659675185850568,0.5268611111111111,0.5263110971554882
40000,4000,36000,10,Multinomial Naive Bayes,TF-IDF,10000,0.90375,0.8709778459640192,0.52275,0.5186517989501334
40000,4000,36000,10,Multinomial Naive Bayes,TF-IDF,750,0.903025,0.8617622366209441,0.5189027777777778,0.5114183124277041
40000,4000,36000,10,Multinomial Naive Bayes,TF-IDF,500,0.9022,0.8583972475091391,0.513888888888889,0.5017518923111606
40000,4000,36000,10,Multinomial Naive Bayes,TF-IDF,15000,0.9021,0.8790844006769122,0.5123888888888889,0.49872324836961207
40000,4000,36000,10,Multinomial Naive Bayes,TF-IDF,250,0.901,0.828846378643483,0.5071111111111111,0.4883884791338531
40000,4000,36000,10,Multinomial Naive Bayes,TF-IDF,100,0.9004,0.787286901676058,0.5036666666666667,0.4814354880951372
