nb_posts_total,nb_posts_incels,nb_posts_neutral,% Incels,Algorithme,Modèle de vectorisation,N traits discr.,accuracy,precision,recall,f1-score
40000,24000,16000,60,Random Forest,Distributed Representations (Doc2Vec),250,0.681675,0.6667343434025332,0.6561458333333333,0.658809700242798
40000,24000,16000,60,Random Forest,Distributed Representations (Doc2Vec),100,0.68085,0.6658175940387718,0.6552708333333334,0.657911200484378
40000,24000,16000,60,Random Forest,Distributed Representations (Doc2Vec),750,0.6796,0.6643964219415015,0.6549166666666666,0.6574290257948673
40000,24000,16000,60,Random Forest,Distributed Representations (Doc2Vec),500,0.677725,0.6623237666906739,0.6529687500000001,0.6554289659285544
40000,24000,16000,60,Random Forest,Distributed Representations (Doc2Vec),1000,0.6767,0.6611908521400035,0.6515833333333334,0.6540452167503024
40000,24000,16000,60,Random Forest,Distributed Representations (Doc2Vec),5000,0.673775,0.65798657196085,0.6496145833333333,0.6518918696836526
40000,24000,16000,60,Random Forest,Distributed Representations (Doc2Vec),2500,0.673575,0.65773765219887,0.6486875,0.6510298047453827
40000,24000,16000,60,Random Forest,Distributed Representations (Doc2Vec),10000,0.6732,0.6573307193134664,0.6485104166666666,0.6508230203183152
40000,24000,16000,60,Random Forest,Distributed Representations (Doc2Vec),15000,0.6676,0.6511476909201588,0.6426354166666667,0.6448011260445458
