nb_posts_total,nb_posts_incels,nb_posts_neutral,% Incels,Algorithme,N traits discr.,accuracy,precision,recall,f1-score
40000,32000,7999,80,Random Forest,5000,0.804425,0.7343861721459473,0.5196875,0.4875061821040785
40000,32000,7999,80,Random Forest,10000,0.8035,0.7126497610106663,0.51925,0.487351955267036
40000,32000,7999,80,Random Forest,15000,0.802625,0.6969087117693893,0.51809375,0.4855434039267645
40000,32000,7999,80,Random Forest,2500,0.80355,0.7211441041228275,0.517734375,0.4838833410836217
40000,32000,7999,80,Random Forest,1000,0.803225,0.7234205294010579,0.515703125,0.4795284396073667
40000,32000,7999,80,Random Forest,750,0.803575,0.7343682534897416,0.515828125,0.4794767209354143
40000,32000,7999,80,Random Forest,500,0.803675,0.7402251894079745,0.5155625,0.4787605018321713
40000,32000,7999,80,Random Forest,250,0.8028,0.7254514910589851,0.513328125,0.47439795293994613
40000,32000,7999,80,Random Forest,100,0.802875,0.7383203532773704,0.512296875,0.47186970320287963
