nb_posts_total,nb_posts_incels,nb_posts_neutral,% Incels,Algorithme,Modèle de vectorisation,N traits discr.,accuracy,precision,recall,f1-score
40000,28000,12000,70,Random Forest,Distributed Representations (Doc2Vec),500,0.725,0.6663402757521195,0.6024285714285714,0.6073410040910213
40000,28000,12000,70,Random Forest,Distributed Representations (Doc2Vec),100,0.72615,0.6691559822702533,0.6017976190476191,0.6063888699162143
40000,28000,12000,70,Random Forest,Distributed Representations (Doc2Vec),750,0.723,0.6622814708990531,0.601,0.605715749466606
40000,28000,12000,70,Random Forest,Distributed Representations (Doc2Vec),250,0.724325,0.6655816314842848,0.5994940476190476,0.6035928554056005
40000,28000,12000,70,Random Forest,Distributed Representations (Doc2Vec),1000,0.720625,0.6579764419516245,0.5966369047619048,0.6003279546074487
40000,28000,12000,70,Random Forest,Distributed Representations (Doc2Vec),10000,0.71815,0.6529077982032625,0.5963690476190476,0.6002983758088694
40000,28000,12000,70,Random Forest,Distributed Representations (Doc2Vec),2500,0.71975,0.6561872121270702,0.5962023809523809,0.5998760593785498
40000,28000,12000,70,Random Forest,Distributed Representations (Doc2Vec),5000,0.71845,0.6535396604482692,0.5959880952380953,0.5997670375488565
40000,28000,12000,70,Random Forest,Distributed Representations (Doc2Vec),15000,0.715625,0.6481245600602282,0.5939702380952381,0.5975069986876314
