nb_posts_total,nb_posts_incels,nb_posts_neutral,% Incels,Algorithme,Modèle de vectorisation,N traits discr.,accuracy,precision,recall,f1-score
40000,8000,32000,20,Multinomial Naive Bayes,TF-IDF,5000,0.84315,0.8515489849023061,0.6234375,0.6530097080129786
40000,8000,32000,20,Multinomial Naive Bayes,TF-IDF,10000,0.841125,0.8558203940260458,0.61603125,0.6432262269694617
40000,8000,32000,20,Multinomial Naive Bayes,TF-IDF,2500,0.83935,0.8498692862297204,0.612484375,0.6382413788630822
40000,8000,32000,20,Multinomial Naive Bayes,TF-IDF,15000,0.835925,0.8630177968529549,0.599,0.6193766784490597
40000,8000,32000,20,Multinomial Naive Bayes,TF-IDF,1000,0.82895,0.8456016805544071,0.582546875,0.5947603952428258
40000,8000,32000,20,Multinomial Naive Bayes,TF-IDF,750,0.8265,0.8443057754179628,0.5755781249999999,0.5839242702842569
40000,8000,32000,20,Multinomial Naive Bayes,TF-IDF,500,0.822725,0.8335328209780839,0.566375,0.5692984772500894
40000,8000,32000,20,Multinomial Naive Bayes,TF-IDF,250,0.809025,0.7802244154067073,0.531,0.5084489629689569
40000,8000,32000,20,Multinomial Naive Bayes,TF-IDF,100,0.80465,0.8137170964276121,0.514015625,0.47411374369205694
