nb_posts_total,nb_posts_incels,nb_posts_neutral,% Incels,Algorithme,N traits discr.,accuracy,precision,recall,f1-score
40000,36000,3999,90,Random Forest,15000,0.9007,0.7839295854628052,0.5066111111111111,0.48755155383606363
40000,36000,3999,90,Random Forest,2500,0.9006,0.7887261285361585,0.5054444444444445,0.4851264478164
40000,36000,3999,90,Random Forest,10000,0.90045,0.7629733520336606,0.50525,0.4848288700348733
40000,36000,3999,90,Random Forest,1000,0.900825,0.8504819126298662,0.5053472222222222,0.48473321638517847
40000,36000,3999,90,Random Forest,500,0.900775,0.8413784863277917,0.5052083333333334,0.4844734398368473
40000,36000,3999,90,Random Forest,5000,0.9005,0.7866224991755286,0.5046111111111111,0.4834064371633567
40000,36000,3999,90,Random Forest,750,0.900475,0.8014179959324547,0.5039305555555555,0.4819471918556164
40000,36000,3999,90,Random Forest,250,0.9005,0.8253253253253253,0.5036111111111111,0.4812277436274433
40000,36000,3999,90,Random Forest,100,0.90025,0.7835459928279542,0.502361111111111,0.47870241322240625
