nb_posts_total,nb_posts_incels,nb_posts_neutral,% Incels,Algorithme,N traits discr.,accuracy,precision,recall,f1-score
50000,30000,20000,60,Logistic Regression,250,0.6733400000000002,0.6685331317918388,0.6750666666666667,0.6680379336112119
50000,30000,20000,60,Support Vector Machines (SVM),250,0.6696,0.670271507202644,0.6773583333333333,0.6664826054422794
50000,30000,20000,60,Random Forest,250,0.6636,0.6582899243555189,0.6642416666666666,0.6580299288331547
50000,30000,20000,60,Logistic Regression,100,0.6413399999999999,0.6425398472483308,0.6484583333333334,0.6381357609171265
50000,30000,20000,60,Support Vector Machines (SVM),100,0.6385,0.6476980911003534,0.6528166666666667,0.6372380817355439
50000,30000,20000,60,Random Forest,100,0.6328400000000001,0.6358556742226165,0.6413666666666666,0.629864466172267
50000,30000,20000,60,Naive Bayes,500,0.66362,0.6600457023569779,0.6093166666666667,0.6020359252418113
50000,30000,20000,60,Naive Bayes,250,0.64122,0.6299643310719745,0.5812166666666667,0.5660239302296225
50000,30000,20000,60,Naive Bayes,100,0.61638,0.5903417557842471,0.5495666666666666,0.5221961448082697
50000,30000,20000,60,kNN (k=1),250,0.5814,0.5143704456253871,0.5065166666666667,0.45895676636174865
50000,30000,20000,60,kNN (k=3),250,0.5948800000000001,0.5374819789193706,0.5117666666666667,0.44637500874167735
50000,30000,20000,60,kNN (k=3),100,0.5921000000000001,0.523689579217523,0.506475,0.43324746044467294
50000,30000,20000,60,kNN (k=1),100,0.58572,0.5066392656321135,0.5020666666666667,0.43324705445902734
50000,30000,20000,60,kNN (k=2),250,0.60116,0.5592695691777201,0.5102166666666667,0.4219863464305697
50000,30000,20000,60,kNN (k=2),100,0.59878,0.5420477441069138,0.5055416666666667,0.4083790495758804
