nb_posts_total,nb_posts_incels,nb_posts_neutral,% Incels,Algorithme,N traits discr.,accuracy,precision,recall,f1-score
40000,16000,24000,40,Random Forest,10000,0.703425,0.7021950076674508,0.6616979166666667,0.6644077151659196
40000,16000,24000,40,Random Forest,15000,0.701325,0.6985583713955958,0.6603125,0.663026907623676
40000,16000,24000,40,Random Forest,5000,0.702275,0.701078425427517,0.6601770833333334,0.6627020680299411
40000,16000,24000,40,Random Forest,2500,0.70285,0.704907661792163,0.65840625,0.660304803818222
40000,16000,24000,40,Random Forest,1000,0.70235,0.7059312159897457,0.6567083333333333,0.6581579590972417
40000,16000,24000,40,Random Forest,500,0.700875,0.7067707772279284,0.6533333333333333,0.6539106228522288
40000,16000,24000,40,Random Forest,750,0.69975,0.7043346888180207,0.6526979166666667,0.6533671882471654
40000,16000,24000,40,Random Forest,250,0.698,0.7055446826788918,0.64865625,0.6481356890380976
40000,16000,24000,40,Random Forest,100,0.69005,0.6988919415263715,0.6376041666666667,0.6345338401456971
