nb_posts_total,nb_posts_incels,nb_posts_neutral,% Incels,Algorithme,Modèle de vectorisation,N traits discr.,accuracy,precision,recall,f1-score
40000,28000,12000,70,Multinomial Naive Bayes,TF-IDF,5000,0.763275,0.7617796778800888,0.6333154761904762,0.6443732895575593
40000,28000,12000,70,Multinomial Naive Bayes,TF-IDF,10000,0.766025,0.7750408412335487,0.6334226190476191,0.6443723233492117
40000,28000,12000,70,Multinomial Naive Bayes,TF-IDF,15000,0.7607,0.7801361988887912,0.6197380952380953,0.625883256721739
40000,28000,12000,70,Multinomial Naive Bayes,TF-IDF,2500,0.7496,0.74266007977193,0.609547619047619,0.6131165823621202
40000,28000,12000,70,Multinomial Naive Bayes,TF-IDF,1000,0.7302,0.7175497373086922,0.5714285714285714,0.5567965325653111
40000,28000,12000,70,Multinomial Naive Bayes,TF-IDF,750,0.724825,0.7125499836066533,0.559327380952381,0.5364502664626066
40000,28000,12000,70,Multinomial Naive Bayes,TF-IDF,500,0.716175,0.6917344778530288,0.5426488095238096,0.5075575232145199
40000,28000,12000,70,Multinomial Naive Bayes,TF-IDF,250,0.7099,0.6788758981853611,0.5279761904761905,0.47865373694387936
40000,28000,12000,70,Multinomial Naive Bayes,TF-IDF,100,0.7004,0.634873892910129,0.5018571428571429,0.4171791200957087
