nb_posts_total,nb_posts_incels,nb_posts_neutral,% Incels,Algorithme,N traits discr.,accuracy,precision,recall,f1-score
40000,16000,24000,40,Random Forest,15000,0.754075,0.7550939482786345,0.7227916666666667,0.7295786224448442
40000,16000,24000,40,Random Forest,10000,0.74905,0.7481645135422177,0.7183958333333333,0.7247814173465831
40000,16000,24000,40,Multilayered Perceptron,5000,0.73585,0.724916086228333,0.7195625000000001,0.721718116143528
40000,16000,24000,40,Random Forest,5000,0.743875,0.7409492295361472,0.7141041666666668,0.7200592336900506
40000,16000,24000,40,Multilayered Perceptron,10000,0.73275,0.7214868487457382,0.71784375,0.7194026549223089
40000,16000,24000,40,Multilayered Perceptron,2500,0.734175,0.7236355254991711,0.7150729166666667,0.7181387357286619
40000,16000,24000,40,Random Forest,2500,0.737225,0.7330983383981255,0.7072395833333334,0.7128457818649346
40000,16000,24000,40,Multilayered Perceptron,15000,0.723975,0.7125304558486246,0.7128333333333333,0.7126795793046385
40000,16000,24000,40,Multilayered Perceptron,1000,0.72245,0.7125663797485982,0.6974270833333334,0.7015549166265622
40000,16000,24000,40,Random Forest,1000,0.726725,0.7224361371582091,0.69434375,0.6995440742122729
40000,16000,24000,40,Random Forest,750,0.721225,0.7165265039741423,0.6878645833333333,0.6927611177911781
40000,16000,24000,40,Multilayered Perceptron,750,0.7064,0.694008314313712,0.6828958333333333,0.6861347201075899
40000,16000,24000,40,Random Forest,500,0.714075,0.7093641370756085,0.6787604166666666,0.6831691289196373
40000,16000,24000,40,Multilayered Perceptron,500,0.694225,0.6809011774062725,0.6680729166666666,0.6712470984695542
40000,16000,24000,40,Random Forest,250,0.692625,0.686822405594949,0.6517916666666667,0.6538932391499002
40000,16000,24000,40,Multilayered Perceptron,250,0.66335,0.6463909164639091,0.6316145833333333,0.6335882016815868
40000,16000,24000,40,Random Forest,100,0.659775,0.6474537145718171,0.6126458333333333,0.6097042149960894
40000,16000,24000,40,Multilayered Perceptron,100,0.63405,0.6116614201146575,0.5932187499999999,0.5914825467322979
