nb_posts_total,nb_posts_incels,nb_posts_neutral,% Incels,Algorithme,Modèle de vectorisation,N traits discr.,accuracy,precision,recall,f1-score
40000,8000,32000,20,Random Forest,Distributed Representations (Doc2Vec),100,0.811375,0.7158490781422409,0.56659375,0.5718985656461442
40000,8000,32000,20,Random Forest,Distributed Representations (Doc2Vec),250,0.80925,0.7042743124086017,0.564421875,0.5688672278542464
40000,8000,32000,20,Random Forest,Distributed Representations (Doc2Vec),500,0.80805,0.6989667183909328,0.56146875,0.5644630704646735
40000,8000,32000,20,Random Forest,Distributed Representations (Doc2Vec),750,0.807125,0.6946475735402864,0.55934375,0.561284260630296
40000,8000,32000,20,Random Forest,Distributed Representations (Doc2Vec),1000,0.8057,0.6873722977730204,0.5570468749999999,0.5579300252032784
40000,8000,32000,20,Random Forest,Distributed Representations (Doc2Vec),2500,0.804525,0.6815222721215036,0.554578125,0.5542311721936726
40000,8000,32000,20,Random Forest,Distributed Representations (Doc2Vec),5000,0.80395,0.6787765932171175,0.552671875,0.5512701492406131
40000,8000,32000,20,Random Forest,Distributed Representations (Doc2Vec),10000,0.801975,0.6683506826178939,0.5484375,0.5448327494876692
40000,8000,32000,20,Random Forest,Distributed Representations (Doc2Vec),15000,0.800475,0.6601931916832473,0.546,0.5412264187896701
