nb_posts_total,nb_posts_incels,nb_posts_neutral,% Incels,Algorithme,Modèle de vectorisation,N traits discr.,accuracy,precision,recall,f1-score
20000,8000,12000,40,Multinomial Naive Bayes,TF-IDF,5000,0.8658,0.672585330519051,0.7536666666666667,0.7003142390553119
20000,8000,12000,40,Multinomial Naive Bayes,TF-IDF,15000,0.85825,0.6692284231451007,0.7696944444444445,0.6998541497617369
20000,8000,12000,40,Multinomial Naive Bayes,TF-IDF,10000,0.86,0.6695311041535192,0.7646666666666666,0.6994322640442905
20000,10000,10000,50,Multinomial Naive Bayes,TF-IDF,5000,0.7004,0.596220654001981,0.7464444444444445,0.5773327563840811
20000,10000,10000,50,Multinomial Naive Bayes,TF-IDF,10000,0.6959,0.598188713341539,0.7541666666666667,0.5767982161787356
20000,10000,10000,50,Multinomial Naive Bayes,TF-IDF,15000,0.6841,0.5958927686571408,0.7518333333333334,0.568983019322659
20000,12000,8000,60,Multinomial Naive Bayes,TF-IDF,5000,0.54105,0.5724026266912419,0.6999166666666666,0.4721230946603284
20000,12000,8000,60,Multinomial Naive Bayes,TF-IDF,10000,0.5368,0.5731445979589431,0.7015555555555555,0.4698784706694299
20000,12000,8000,60,Multinomial Naive Bayes,TF-IDF,15000,0.51975,0.5732818362346602,0.7000833333333334,0.4591836390826852
