nb_posts_total,nb_posts_incels,nb_posts_neutral,% Incels,Algorithme,N traits discr.,accuracy,precision,recall,f1-score
40000,12000,28000,30,Multilayered Perceptron,5000,0.7704,0.7262148319347408,0.7143809523809523,0.719553460707852
40000,12000,28000,30,Multilayered Perceptron,15000,0.76545,0.7201623106258305,0.7137261904761905,0.7167068531070138
40000,12000,28000,30,Multilayered Perceptron,2500,0.7734,0.7309934402312286,0.7076666666666667,0.7166909442273242
40000,12000,28000,30,Multilayered Perceptron,10000,0.765925,0.7206562412393237,0.7122797619047619,0.7160724462820109
40000,12000,28000,30,Random Forest,10000,0.78895,0.7742418202856206,0.6901071428571428,0.7094232281350763
40000,12000,28000,30,Random Forest,15000,0.78955,0.7780577121613808,0.6884404761904761,0.7081370384738797
40000,12000,28000,30,Random Forest,5000,0.7852,0.7637941706255656,0.6897142857142857,0.7078293730067312
40000,12000,28000,30,Random Forest,2500,0.78085,0.7559115081707257,0.6853452380952381,0.702619065036783
40000,12000,28000,30,Multilayered Perceptron,1000,0.7612,0.7162103384139944,0.6826428571428571,0.6936956317562708
40000,12000,28000,30,Random Forest,1000,0.774325,0.7480098473934261,0.6739940476190476,0.6904991018358164
40000,12000,28000,30,Random Forest,750,0.77125,0.7448145125168124,0.6678928571428571,0.6839584336743718
40000,12000,28000,30,Multilayered Perceptron,750,0.7558,0.7091915550978373,0.6727142857142857,0.6839496754698977
40000,12000,28000,30,Random Forest,500,0.76735,0.7405888190166722,0.66025,0.675584356292796
40000,12000,28000,30,Multilayered Perceptron,500,0.74555,0.6942751210988958,0.6621547619047619,0.6720750664184116
40000,12000,28000,30,Random Forest,250,0.7537,0.7229192030211158,0.6353809523809524,0.6469095614213559
40000,12000,28000,30,Multilayered Perceptron,250,0.71195,0.6464088790000039,0.6223928571428572,0.6289989407085793
40000,12000,28000,30,Random Forest,100,0.72505,0.6698545051219085,0.5927023809523809,0.5941294826369843
40000,12000,28000,30,Multilayered Perceptron,100,0.69665,0.6168061048250116,0.5831785714285714,0.5860187738336666
