nb_posts_total,nb_posts_incels,nb_posts_neutral,% Incels,Algorithme,Modèle de vectorisation,N traits discr.,accuracy,precision,recall,f1-score
40000,4000,36000,10,Random Forest,Distributed Representations (Word2Vec),250,0.898375,0.61547284882171,0.5060972222222222,0.48822141105420785
40000,4000,36000,10,Random Forest,Distributed Representations (Word2Vec),100,0.899,0.6372510022182558,0.506,0.48755519547429044
40000,4000,36000,10,Random Forest,Distributed Representations (Word2Vec),10000,0.898175,0.602887415781076,0.5053194444444444,0.48675141814612416
40000,4000,36000,10,Random Forest,Distributed Representations (Word2Vec),750,0.89825,0.6043208135477963,0.50525,0.48655013019864995
40000,4000,36000,10,Random Forest,Distributed Representations (Word2Vec),500,0.8984,0.6085180304439253,0.5052222222222222,0.4863786129469923
40000,4000,36000,10,Random Forest,Distributed Representations (Word2Vec),15000,0.89825,0.5998596769510589,0.5048055555555555,0.48562031365508335
40000,4000,36000,10,Random Forest,Distributed Representations (Word2Vec),5000,0.898175,0.5949191960431177,0.5045416666666667,0.4851245996098722
40000,4000,36000,10,Random Forest,Distributed Representations (Word2Vec),2500,0.898225,0.595373366675387,0.5044583333333333,0.484910833918447
40000,4000,36000,10,Random Forest,Distributed Representations (Word2Vec),1000,0.8984,0.6004016064257028,0.5044444444444445,0.4847452125933139
