nb_posts_total,nb_posts_incels,nb_posts_neutral,% Incels,Algorithme,Modèle de vectorisation,N traits discr.,accuracy,precision,recall,f1-score
40000,24000,16000,60,Multinomial Naive Bayes,TF-IDF,10000,0.742775,0.7583447889302672,0.7001666666666666,0.7061420994403811
40000,24000,16000,60,Multinomial Naive Bayes,TF-IDF,5000,0.73495,0.7433017553114781,0.6945104166666667,0.700051193300014
40000,24000,16000,60,Multinomial Naive Bayes,TF-IDF,15000,0.73895,0.761107004753788,0.6926458333333334,0.6975307703421731
40000,24000,16000,60,Multinomial Naive Bayes,TF-IDF,2500,0.71675,0.7220091596231895,0.67390625,0.677464902601802
40000,24000,16000,60,Multinomial Naive Bayes,TF-IDF,1000,0.69255,0.6967556559863122,0.6435625,0.6426602533722442
40000,24000,16000,60,Multinomial Naive Bayes,TF-IDF,750,0.682125,0.685750133443763,0.6300833333333333,0.6263943363161999
40000,24000,16000,60,Multinomial Naive Bayes,TF-IDF,500,0.667875,0.6683558270553076,0.6125,0.6048481209325368
40000,24000,16000,60,Multinomial Naive Bayes,TF-IDF,250,0.64615,0.6432889832712143,0.58265625,0.564032999689519
40000,24000,16000,60,Multinomial Naive Bayes,TF-IDF,100,0.616475,0.5991768225391576,0.5393958333333333,0.4931475467058931
