nb_posts_total,nb_posts_incels,nb_posts_neutral,% Incels,Algorithme,Modèle de vectorisation,N traits discr.,accuracy,precision,recall,f1-score
40000,24000,16000,60,Random Forest,TF-IDF,15000,0.719225,0.7087236622057737,0.6946458333333334,0.6985606285445971
40000,24000,16000,60,Random Forest,TF-IDF,10000,0.71855,0.7078209860456417,0.6943541666666666,0.6981698154903611
40000,24000,16000,60,Random Forest,TF-IDF,5000,0.714275,0.7026202098291081,0.6914479166666667,0.6948300659894069
40000,24000,16000,60,Random Forest,TF-IDF,2500,0.7058,0.6930724569911743,0.683875,0.6867837120375897
40000,24000,16000,60,Random Forest,TF-IDF,1000,0.694325,0.6805684524269032,0.6758854166666667,0.6776602303340684
40000,24000,16000,60,Random Forest,TF-IDF,750,0.69045,0.6766839769865334,0.6737604166666666,0.674975164553601
40000,24000,16000,60,Random Forest,TF-IDF,500,0.67535,0.6611834617869734,0.6598541666666666,0.6604543700470406
40000,24000,16000,60,Random Forest,TF-IDF,250,0.650725,0.6379340445188607,0.6397291666666667,0.6386331014222053
40000,24000,16000,60,Random Forest,TF-IDF,100,0.61535,0.6058463695433733,0.6089895833333333,0.6060556875952061
