nb_posts_total,nb_posts_incels,nb_posts_neutral,% Incels,Algorithme,N traits discr.,accuracy,precision,recall,f1-score
40000,4000,36000,10,Multilayered Perceptron,15000,0.8945,0.6957958782222832,0.6486111111111111,0.6675185518935981
40000,4000,36000,10,Multilayered Perceptron,10000,0.895375,0.6975594801104226,0.6439861111111111,0.6647216724918339
40000,4000,36000,10,Multilayered Perceptron,5000,0.890825,0.6836767095122871,0.6430138888888889,0.6596105626427919
40000,4000,36000,10,Multilayered Perceptron,2500,0.895775,0.6954429664694209,0.6277638888888889,0.6514846961979076
40000,4000,36000,10,Multilayered Perceptron,1000,0.89465,0.6849261373241075,0.6041388888888889,0.628424417510084
40000,4000,36000,10,Multilayered Perceptron,750,0.89465,0.6807744979701614,0.5916944444444444,0.6155260998428356
40000,4000,36000,10,Random Forest,5000,0.906425,0.7651033654749793,0.5796805555555555,0.6089812412354583
40000,4000,36000,10,Random Forest,2500,0.9061,0.761365887198308,0.5797222222222222,0.608834650626388
40000,4000,36000,10,Random Forest,10000,0.90725,0.7780433420267482,0.5769166666666666,0.605884658331584
40000,4000,36000,10,Multilayered Perceptron,500,0.8919,0.6656044223953148,0.5838333333333333,0.6052444822531695
40000,4000,36000,10,Random Forest,15000,0.907575,0.7880689289177684,0.5727638888888889,0.6005027365630083
40000,4000,36000,10,Random Forest,1000,0.906775,0.7788369858492279,0.570875,0.5975023678105125
40000,4000,36000,10,Multilayered Perceptron,250,0.8834,0.6197684657795635,0.5611111111111111,0.5752616309579995
40000,4000,36000,10,Random Forest,750,0.903925,0.7545418791346772,0.5549583333333333,0.5735533749093271
40000,4000,36000,10,Random Forest,500,0.902625,0.7429893338984248,0.5447916666666667,0.5575678299561082
40000,4000,36000,10,Multilayered Perceptron,100,0.8707,0.5613487194424555,0.5333888888888889,0.5387122746442901
40000,4000,36000,10,Random Forest,250,0.900325,0.7092037323974753,0.5280694444444445,0.5295143304291365
40000,4000,36000,10,Random Forest,100,0.89595,0.5503397936068463,0.50375,0.48516716759373485
