nb_posts_total,nb_posts_incels,nb_posts_neutral,% Incels,Algorithme,Modèle de vectorisation,N traits discr.,accuracy,precision,recall,f1-score
40000,16000,24000,40,Random Forest,Distributed Representations (Word2Vec),100,0.696575,0.6863319298196942,0.66321875,0.6666921769220471
40000,16000,24000,40,Random Forest,Distributed Representations (Word2Vec),250,0.6943,0.6836127542811946,0.660875,0.6642207283101831
40000,16000,24000,40,Random Forest,Distributed Representations (Word2Vec),500,0.69085,0.6793053339487825,0.6577083333333333,0.6608867827085989
40000,16000,24000,40,Random Forest,Distributed Representations (Word2Vec),1000,0.690675,0.6790956333111234,0.65753125,0.6607003528496265
40000,16000,24000,40,Random Forest,Distributed Representations (Word2Vec),750,0.689975,0.6786629440487144,0.6559791666666667,0.6590485258072143
40000,16000,24000,40,Random Forest,Distributed Representations (Word2Vec),5000,0.684775,0.6722246745677437,0.6511041666666666,0.6539232888308
40000,16000,24000,40,Random Forest,Distributed Representations (Word2Vec),2500,0.68385,0.671158581419713,0.6500625,0.652822350720536
40000,16000,24000,40,Random Forest,Distributed Representations (Word2Vec),10000,0.680875,0.6674333307969396,0.6474791666666666,0.6501215883326785
40000,16000,24000,40,Random Forest,Distributed Representations (Word2Vec),15000,0.674525,0.660061658710158,0.6404062500000001,0.6426466687032293
