nb_posts_total,nb_posts_incels,nb_posts_neutral,% Incels,Algorithme,Modèle de vectorisation,N traits discr.,accuracy,precision,recall,f1-score
40000,16000,24000,40,Multinomial Naive Bayes,TF-IDF,15000,0.782725,0.781809993552055,0.7585208333333333,0.7652657161606773
40000,16000,24000,40,Multinomial Naive Bayes,TF-IDF,10000,0.78145,0.7818436014530405,0.7558125,0.7629515901348066
40000,16000,24000,40,Multinomial Naive Bayes,TF-IDF,5000,0.7755,0.7799756467739076,0.7455833333333333,0.7535075247894298
40000,16000,24000,40,Multinomial Naive Bayes,TF-IDF,2500,0.7628,0.7731400327667703,0.7268541666666666,0.7347675832179846
40000,16000,24000,40,Multinomial Naive Bayes,TF-IDF,1000,0.74015,0.75952862568205,0.6952604166666667,0.7005880216196535
40000,16000,24000,40,Multinomial Naive Bayes,TF-IDF,750,0.732475,0.7558998580484058,0.6842916666666666,0.6879396320574238
40000,16000,24000,40,Multinomial Naive Bayes,TF-IDF,500,0.7191,0.7499442717371061,0.66528125,0.6649072517938772
40000,16000,24000,40,Multinomial Naive Bayes,TF-IDF,250,0.694525,0.7374146063642797,0.63128125,0.6201579579147187
40000,16000,24000,40,Multinomial Naive Bayes,TF-IDF,100,0.652775,0.703629925180389,0.5755625,0.5363060258571856
