nb_posts_total,nb_posts_incels,nb_posts_neutral,% Incels,Algorithme,N traits discr.,accuracy,precision,recall,f1-score
40000,8000,32000,20,Multilayered Perceptron,15000,0.822475,0.7205415878748848,0.694421875,0.7055996974223259
40000,8000,32000,20,Multilayered Perceptron,5000,0.8223,0.7202193461390567,0.693796875,0.7050782949288332
40000,8000,32000,20,Multilayered Perceptron,10000,0.82185,0.7194098603751393,0.6928125,0.7041456661190844
40000,8000,32000,20,Multilayered Perceptron,2500,0.823775,0.7228401440491443,0.684546875,0.6997053539307301
40000,8000,32000,20,Random Forest,5000,0.838775,0.779956168254986,0.6481250000000001,0.6779886498988207
40000,8000,32000,20,Random Forest,10000,0.840175,0.7883426133223905,0.646375,0.6769435763650602
40000,8000,32000,20,Multilayered Perceptron,1000,0.821725,0.7203866331671489,0.6562187500000001,0.6768444542067842
40000,8000,32000,20,Random Forest,2500,0.836575,0.7719157559663887,0.646421875,0.6752880330691694
40000,8000,32000,20,Multilayered Perceptron,750,0.815675,0.7069591609875614,0.65234375,0.6706140322588167
40000,8000,32000,20,Random Forest,15000,0.839875,0.7943965230048537,0.640234375,0.6705858528388585
40000,8000,32000,20,Random Forest,1000,0.834175,0.7730252713597103,0.6338125,0.6615005650607096
40000,8000,32000,20,Random Forest,750,0.832725,0.7692438219667472,0.630703125,0.6576416512624704
40000,8000,32000,20,Multilayered Perceptron,500,0.8045,0.6833347041687496,0.635515625,0.651202600133857
40000,8000,32000,20,Random Forest,500,0.829775,0.7605630146311595,0.6252031250000001,0.6506317424323287
40000,8000,32000,20,Multilayered Perceptron,250,0.79125,0.6527796196123227,0.6073593749999999,0.6203808234104518
40000,8000,32000,20,Random Forest,250,0.81765,0.7281537584924318,0.594421875,0.6111909707775739
40000,8000,32000,20,Multilayered Perceptron,100,0.7705,0.5954153891862874,0.559703125,0.5651966972701092
40000,8000,32000,20,Random Forest,100,0.8023,0.669901271989439,0.55215625,0.5508826552926014
