nb_posts_total,nb_posts_incels,nb_posts_neutral,% Incels,Algorithme,N traits discr.,accuracy,precision,recall,f1-score
40000,20000,20000,50,Random Forest,15000,0.67495,0.6762141763604861,0.67495,0.6743659680369085
40000,20000,20000,50,Random Forest,2500,0.67485,0.676666477656606,0.67485,0.6740120512375858
40000,20000,20000,50,Random Forest,5000,0.67325,0.6747944840611644,0.6732499999999999,0.6725266112843271
40000,20000,20000,50,Random Forest,10000,0.672375,0.6738351671649265,0.672375,0.6716855624579758
40000,20000,20000,50,Random Forest,1000,0.67145,0.6738048753032893,0.67145,0.6703333399022504
40000,20000,20000,50,Random Forest,750,0.668575,0.6715804935762901,0.668575,0.6671172630119218
40000,20000,20000,50,Random Forest,500,0.666925,0.6697475801620617,0.666925,0.6655346188398419
40000,20000,20000,50,Random Forest,250,0.65675,0.6602749084308804,0.65675,0.6548523011563949
40000,20000,20000,50,Random Forest,100,0.649975,0.6539532382757417,0.649975,0.6476990865568413
